{"cameraMode":{"drawMode":0,"name":"Shaded","section":"Shading Mode"},"sceneLighting":false,"audioPlay":false,"sceneViewState":{"m_AlwaysRefresh":false,"showFog":true,"showSkybox":false,"showFlares":true,"showImageEffects":true,"showParticleSystems":true,"showVisualEffectGraphs":true,"m_FxEnabled":true},"in2DMode":false,"pivot":{"x":-22.67913055419922,"y":22.45840072631836,"z":1.10382080078125},"rotation":{"x":0.012001235038042069,"y":0.011396362446248532,"z":-0.00008375136530958116,"w":0.9998853206634522},"size":113.47346496582031,"orthographic":false}