{"cameraMode":{"drawMode":0,"name":"Shaded","section":"Shading Mode"},"sceneLighting":false,"audioPlay":false,"sceneViewState":{"m_AlwaysRefresh":false,"showFog":true,"showSkybox":false,"showFlares":true,"showImageEffects":true,"showParticleSystems":true,"showVisualEffectGraphs":true,"m_FxEnabled":true},"in2DMode":false,"pivot":{"x":-4.548909664154053,"y":0.46907126903533938,"z":-4.102528095245361},"rotation":{"x":0.021940622478723527,"y":-0.7063836455345154,"z":0.02176962047815323,"w":0.7072228789329529},"size":0.5345039963722229,"orthographic":true}