{"cameraMode":{"drawMode":0,"name":"Shaded","section":"Shading Mode"},"sceneLighting":false,"audioPlay":false,"sceneViewState":{"m_AlwaysRefresh":false,"showFog":true,"showSkybox":false,"showFlares":true,"showImageEffects":true,"showParticleSystems":true,"showVisualEffectGraphs":true,"m_FxEnabled":true},"in2DMode":false,"pivot":{"x":116.35609436035156,"y":485.8205871582031,"z":10.406408309936524},"rotation":{"x":0.10660656541585922,"y":0.011328746564686299,"z":-0.0013239375548437238,"w":0.9942973256111145},"size":66.97066497802735,"orthographic":true}