{"cameraMode":{"drawMode":0,"name":"Shaded","section":"Shading Mode"},"sceneLighting":false,"audioPlay":false,"sceneViewState":{"m_AlwaysRefresh":false,"showFog":true,"showSkybox":false,"showFlares":true,"showImageEffects":true,"showParticleSystems":true,"showVisualEffectGraphs":true,"m_FxEnabled":true},"in2DMode":false,"pivot":{"x":241.9109344482422,"y":497.7991943359375,"z":9.59991455078125},"rotation":{"x":0.10660656541585922,"y":0.011328746564686299,"z":-0.0013239375548437238,"w":0.9942973256111145},"size":113.25289154052735,"orthographic":true}