{"cameraMode":{"drawMode":0,"name":"Shaded","section":"Shading Mode"},"sceneLighting":false,"audioPlay":false,"sceneViewState":{"m_AlwaysRefresh":false,"showFog":true,"showSkybox":false,"showFlares":true,"showImageEffects":true,"showParticleSystems":true,"showVisualEffectGraphs":true,"m_FxEnabled":true},"in2DMode":false,"pivot":{"x":87.58209228515625,"y":22.678359985351564,"z":4.3955841064453129},"rotation":{"x":0.02039673924446106,"y":-0.0422794334590435,"z":0.000767202116549015,"w":0.9989410042762756},"size":149.87017822265626,"orthographic":true}