{"cameraMode":{"drawMode":0,"name":"Shaded","section":"Shading Mode"},"sceneLighting":true,"audioPlay":false,"sceneViewState":{"m_AlwaysRefresh":false,"showFog":true,"showSkybox":true,"showFlares":true,"showImageEffects":true,"showParticleSystems":true,"showVisualEffectGraphs":true,"m_FxEnabled":true},"in2DMode":false,"pivot":{"x":17.095584869384767,"y":9.683394432067871,"z":-10.141279220581055},"rotation":{"x":-0.25739413499832156,"y":-0.12280988693237305,"z":0.03298918530344963,"w":-0.9579163193702698},"size":4.439899444580078,"orthographic":false}