{"cameraMode":{"drawMode":0,"name":"Shaded","section":"Shading Mode"},"sceneLighting":true,"audioPlay":false,"sceneViewState":{"m_AlwaysRefresh":false,"showFog":true,"showSkybox":true,"showFlares":true,"showImageEffects":true,"showParticleSystems":true,"showVisualEffectGraphs":true,"m_FxEnabled":true},"in2DMode":false,"pivot":{"x":25.567720413208009,"y":1.2920970916748047,"z":-5.557363986968994},"rotation":{"x":-0.09384643286466599,"y":-0.10494392365217209,"z":0.009973404929041863,"w":-0.9900819063186646},"size":1.8764395713806153,"orthographic":false}