{"cameraMode":{"drawMode":0,"name":"Shaded","section":"Shading Mode"},"sceneLighting":true,"audioPlay":false,"sceneViewState":{"m_AlwaysRefresh":false,"showFog":true,"showSkybox":true,"showFlares":true,"showImageEffects":true,"showParticleSystems":true,"showVisualEffectGraphs":true,"m_FxEnabled":true},"in2DMode":false,"pivot":{"x":8.913534164428711,"y":1.3592536449432374,"z":18.271705627441408},"rotation":{"x":0.31828346848487856,"y":-0.2601243853569031,"z":0.09136743098497391,"w":0.9070531129837036},"size":2.214179515838623,"orthographic":false}