{"cameraMode":{"drawMode":0,"name":"Shaded","section":"Shading Mode"},"sceneLighting":false,"audioPlay":false,"sceneViewState":{"m_AlwaysRefresh":false,"showFog":true,"showSkybox":false,"showFlares":true,"showImageEffects":true,"showParticleSystems":true,"showVisualEffectGraphs":true,"m_FxEnabled":true},"in2DMode":false,"pivot":{"x":22.09918975830078,"y":24.35934829711914,"z":-14.442863464355469},"rotation":{"x":-0.028211602941155435,"y":0.008681067265570164,"z":-0.000219300520257093,"w":-0.9996859431266785},"size":69.00701141357422,"orthographic":false}