{"cameraMode":{"drawMode":0,"name":"Shaded","section":"Shading Mode"},"sceneLighting":false,"audioPlay":false,"sceneViewState":{"m_AlwaysRefresh":false,"showFog":false,"showSkybox":false,"showFlares":false,"showImageEffects":false,"showParticleSystems":false,"showVisualEffectGraphs":true,"m_FxEnabled":true},"in2DMode":false,"pivot":{"x":-0.008255846798419953,"y":0.030124926939606668,"z":-0.018538091331720353},"rotation":{"x":-0.02214420586824417,"y":0.9772645235061646,"z":-0.16574648022651673,"w":-0.1306394338607788},"size":0.03296832740306854,"orthographic":false}