{"cameraMode":{"drawMode":0,"name":"Shaded","section":"Shading Mode"},"sceneLighting":false,"audioPlay":false,"sceneViewState":{"m_AlwaysRefresh":false,"showFog":true,"showSkybox":false,"showFlares":true,"showImageEffects":true,"showParticleSystems":true,"showVisualEffectGraphs":true,"m_FxEnabled":true},"in2DMode":false,"pivot":{"x":-27.628128051757814,"y":-18.472108840942384,"z":-3.5224342346191408},"rotation":{"x":-0.02308185026049614,"y":0.026696134358644487,"z":0.0005202562897466123,"w":0.9994211792945862},"size":94.13164520263672,"orthographic":true}