{"cameraMode":{"drawMode":0,"name":"Shaded","section":"Shading Mode"},"sceneLighting":false,"audioPlay":false,"sceneViewState":{"m_AlwaysRefresh":false,"showFog":false,"showSkybox":false,"showFlares":false,"showImageEffects":false,"showParticleSystems":false,"showVisualEffectGraphs":true,"m_FxEnabled":true},"in2DMode":false,"pivot":{"x":-0.5085000395774841,"y":0.40050002932548525,"z":-0.45899999141693118},"rotation":{"x":-0.20218241214752198,"y":0.13264015316963197,"z":-0.027665600180625917,"w":-0.9699679613113403},"size":1.2088325023651124,"orthographic":false}