{"cameraMode":{"drawMode":0,"name":"Shaded","section":"Shading Mode"},"sceneLighting":false,"audioPlay":false,"sceneViewState":{"m_AlwaysRefresh":false,"showFog":true,"showSkybox":false,"showFlares":true,"showImageEffects":true,"showParticleSystems":true,"showVisualEffectGraphs":true,"m_FxEnabled":true},"in2DMode":false,"pivot":{"x":9.445707321166993,"y":-107.75123596191406,"z":25.914474487304689},"rotation":{"x":0.02039673924446106,"y":-0.0422794334590435,"z":0.000767202116549015,"w":0.9989410042762756},"size":186.64413452148438,"orthographic":true}