{"cameraMode":{"drawMode":0,"name":"Shaded","section":"Shading Mode"},"sceneLighting":false,"audioPlay":false,"sceneViewState":{"m_AlwaysRefresh":false,"showFog":true,"showSkybox":false,"showFlares":true,"showImageEffects":true,"showParticleSystems":true,"showVisualEffectGraphs":true,"m_FxEnabled":true},"in2DMode":false,"pivot":{"x":0.5423052310943604,"y":1.9169511795043946,"z":0.9264469146728516},"rotation":{"x":0.02131301909685135,"y":0.005409580655395985,"z":-0.0009189448901452124,"w":1.000012755393982},"size":63.11516571044922,"orthographic":false}