{"cameraMode":{"drawMode":0,"name":"Shaded","section":"Shading Mode"},"sceneLighting":false,"audioPlay":false,"sceneViewState":{"m_AlwaysRefresh":false,"showFog":true,"showSkybox":false,"showFlares":true,"showImageEffects":true,"showParticleSystems":true,"showVisualEffectGraphs":true,"m_FxEnabled":true},"in2DMode":false,"pivot":{"x":-5.934999942779541,"y":0.3799999952316284,"z":-4.420000076293945},"rotation":{"x":0.08602572232484818,"y":0.1985950917005539,"z":-0.017576608806848527,"w":0.9761981964111328},"size":0.4148493707180023,"orthographic":true}